(8/19/2019 3:15:58 PM) *****************************************************BOT STARTED : 08/19/2019 15:15:58*************************************************************,,,
(8/19/2019 3:15:58 PM) System Informations : OSName : Microsoft Windows 10 Pro 64-bit, ,,
PROCESSOR_ARCHITEW6432 : AMD64,,,
RAM Size: 8053, ,,
MachineName : 703235375GDL, ,,
SystemDrive :  C:,,,
UserProfile : D:\Users\703235375,,,
UserDNS Domain : IND.CORP.AD,,,
AA Application Path : D:\Users\703235375\Documents\Automation Anywhere Files,,,
AA Installation Path : C:\Program Files (x86)\Automation Anywhere\Enterprise\Client\,,,
AA ControlRoom Path : https://xp1o1gp1.ce.automationanywhere.digital,,,
(8/19/2019 3:15:58 PM) ,START: Reading config and perform variable initialization.,703235375,D:\Users\703235375\Documents\Automation Anywhere Files\Automation Anywhere\My Tasks\G-RPA-Framework\Master.atmx
(8/19/2019 3:15:58 PM) ,END: Reading config and perform variable initialization.,703235375,D:\Users\703235375\Documents\Automation Anywhere Files\Automation Anywhere\My Tasks\G-RPA-Framework\Master.atmx
(8/19/2019 3:15:58 PM) ,START: Folder strcuture creation started.,703235375,D:\Users\703235375\Documents\Automation Anywhere Files\Automation Anywhere\My Tasks\G-RPA-Framework\Master.atmx
(8/19/2019 3:16:23 PM) ,END: Folder strcuture creation completed.,703235375,D:\Users\703235375\Documents\Automation Anywhere Files\Automation Anywhere\My Tasks\G-RPA-Framework\Master.atmx
(8/19/2019 3:16:23 PM) ,Input file : CustomerSegmentation 08-19-2019.xlsx,,
(8/19/2019 3:16:23 PM) ,Feed file moved successfully from shared drive to local input folder.,703235375,D:\Users\703235375\Documents\Automation Anywhere Files\Automation Anywhere\My Tasks\G-RPA-Framework\Master.atmx
(8/19/2019 3:16:25 PM) ,Input file validation successfully completed.Calling Processor.,703235375,D:\Users\703235375\Documents\Automation Anywhere Files\Automation Anywhere\My Tasks\G-RPA-Framework\Master.atmx
(8/19/2019 3:16:25 PM) ,Input file moved sucssessfully to output folder.,703235375,D:\Users\703235375\Documents\Automation Anywhere Files\Automation Anywhere\My Tasks\G-RPA-Framework\Helpers\Processor.atmx
(8/19/2019 3:16:25 PM) ,START :  Adding one time output status columns to input file available under output folder.,703235375,D:\Users\703235375\Documents\Automation Anywhere Files\Automation Anywhere\My Tasks\G-RPA-Framework\Helpers\Processor.atmx
(8/19/2019 3:16:38 PM) ,END:  Adding one time output status columns to input file available under output folder.,703235375,D:\Users\703235375\Documents\Automation Anywhere Files\Automation Anywhere\My Tasks\G-RPA-Framework\Helpers\Processor.atmx
(8/19/2019 3:16:45 PM) ,START : **********************Transaction Processing****************************,,
(8/19/2019 3:16:45 PM) ,Processing...RowId/Transaction Id : 1901,703235375,
(8/19/2019 3:16:45 PM) ,Calling Module Wrapper.....,703235375,
(8/19/2019 3:16:45 PM) ,Running Module 1.....,703235375,D:\Users\703235375\Documents\Automation Anywhere Files\Automation Anywhere\My Tasks\G-RPA-Framework\Helpers\ModuleWrapper.atmx
(8/19/2019 3:16:45 PM) ,START : Module1(ProcessStep 1) processing.,703235375,D:\Users\703235375\Documents\Automation Anywhere Files\Automation Anywhere\My Tasks\G-RPA-Framework\Modules\Module1(ProcessStep1).atmx
(8/19/2019 3:16:46 PM) ,START : Application Login Manager....,703235375,D:\Users\703235375\Documents\Automation Anywhere Files\Automation Anywhere\My Tasks\G-RPA-Framework\Helpers\LoginManager.atmx
(8/19/2019 3:16:46 PM) ,Faild to launch application...Invalid Application URL(vAppURLTwo) in configuration file  - !!,703235375,D:\Users\703235375\Documents\Automation Anywhere Files\Automation Anywhere\My Tasks\G-RPA-Framework\Helpers\LoginManager.atmx
(8/19/2019 3:16:46 PM) ,END : Module1(ProcessStep 1) processing.,703235375,D:\Users\703235375\Documents\Automation Anywhere Files\Automation Anywhere\My Tasks\G-RPA-Framework\Modules\Module1(ProcessStep1).atmx
(8/19/2019 3:16:46 PM) ,Running Module 2.....,703235375,D:\Users\703235375\Documents\Automation Anywhere Files\Automation Anywhere\My Tasks\G-RPA-Framework\Helpers\ModuleWrapper.atmx
(8/19/2019 3:16:46 PM) ,START : Module2(ProcessStep 2) processing..,703235375,D:\Users\703235375\Documents\Automation Anywhere Files\Automation Anywhere\My Tasks\G-RPA-Framework\Modules\Module2(ProcessStep2).atmx
(8/19/2019 3:16:46 PM) ,END : Module2(ProcessStep 2) processing...,703235375,D:\Users\703235375\Documents\Automation Anywhere Files\Automation Anywhere\My Tasks\G-RPA-Framework\Modules\Module2(ProcessStep2).atmx
(8/19/2019 3:16:46 PM) ,Processing...RowId/Transaction Id : 1902,703235375,
(8/19/2019 3:16:47 PM) ,Calling Module Wrapper.....,703235375,
(8/19/2019 3:16:47 PM) ,Running Module 1.....,703235375,D:\Users\703235375\Documents\Automation Anywhere Files\Automation Anywhere\My Tasks\G-RPA-Framework\Helpers\ModuleWrapper.atmx
(8/19/2019 3:16:47 PM) ,START : Module1(ProcessStep 1) processing.,703235375,D:\Users\703235375\Documents\Automation Anywhere Files\Automation Anywhere\My Tasks\G-RPA-Framework\Modules\Module1(ProcessStep1).atmx
(8/19/2019 3:16:47 PM) ,START : Application Login Manager....,703235375,D:\Users\703235375\Documents\Automation Anywhere Files\Automation Anywhere\My Tasks\G-RPA-Framework\Helpers\LoginManager.atmx
(8/19/2019 3:16:47 PM) ,Faild to launch application...Invalid Application URL(vAppURLTwo) in configuration file  - !!,703235375,D:\Users\703235375\Documents\Automation Anywhere Files\Automation Anywhere\My Tasks\G-RPA-Framework\Helpers\LoginManager.atmx
(8/19/2019 3:16:47 PM) ,END : Module1(ProcessStep 1) processing.,703235375,D:\Users\703235375\Documents\Automation Anywhere Files\Automation Anywhere\My Tasks\G-RPA-Framework\Modules\Module1(ProcessStep1).atmx
(8/19/2019 3:16:47 PM) ,Running Module 2.....,703235375,D:\Users\703235375\Documents\Automation Anywhere Files\Automation Anywhere\My Tasks\G-RPA-Framework\Helpers\ModuleWrapper.atmx
(8/19/2019 3:16:47 PM) ,START : Module2(ProcessStep 2) processing..,703235375,D:\Users\703235375\Documents\Automation Anywhere Files\Automation Anywhere\My Tasks\G-RPA-Framework\Modules\Module2(ProcessStep2).atmx
(8/19/2019 3:16:47 PM) ,END : Module2(ProcessStep 2) processing...,703235375,D:\Users\703235375\Documents\Automation Anywhere Files\Automation Anywhere\My Tasks\G-RPA-Framework\Modules\Module2(ProcessStep2).atmx
(8/19/2019 3:16:47 PM) ,Processing...RowId/Transaction Id : 1903,703235375,
(8/19/2019 3:16:48 PM) ,Calling Module Wrapper.....,703235375,
(8/19/2019 3:16:48 PM) ,Running Module 1.....,703235375,D:\Users\703235375\Documents\Automation Anywhere Files\Automation Anywhere\My Tasks\G-RPA-Framework\Helpers\ModuleWrapper.atmx
(8/19/2019 3:16:48 PM) ,START : Module1(ProcessStep 1) processing.,703235375,D:\Users\703235375\Documents\Automation Anywhere Files\Automation Anywhere\My Tasks\G-RPA-Framework\Modules\Module1(ProcessStep1).atmx
(8/19/2019 3:16:48 PM) ,START : Application Login Manager....,703235375,D:\Users\703235375\Documents\Automation Anywhere Files\Automation Anywhere\My Tasks\G-RPA-Framework\Helpers\LoginManager.atmx
(8/19/2019 3:16:48 PM) ,Faild to launch application...Invalid Application URL(vAppURLTwo) in configuration file  - !!,703235375,D:\Users\703235375\Documents\Automation Anywhere Files\Automation Anywhere\My Tasks\G-RPA-Framework\Helpers\LoginManager.atmx
(8/19/2019 3:16:48 PM) ,END : Module1(ProcessStep 1) processing.,703235375,D:\Users\703235375\Documents\Automation Anywhere Files\Automation Anywhere\My Tasks\G-RPA-Framework\Modules\Module1(ProcessStep1).atmx
(8/19/2019 3:16:48 PM) ,Running Module 2.....,703235375,D:\Users\703235375\Documents\Automation Anywhere Files\Automation Anywhere\My Tasks\G-RPA-Framework\Helpers\ModuleWrapper.atmx
(8/19/2019 3:16:48 PM) ,START : Module2(ProcessStep 2) processing..,703235375,D:\Users\703235375\Documents\Automation Anywhere Files\Automation Anywhere\My Tasks\G-RPA-Framework\Modules\Module2(ProcessStep2).atmx
(8/19/2019 3:16:48 PM) ,END : Module2(ProcessStep 2) processing...,703235375,D:\Users\703235375\Documents\Automation Anywhere Files\Automation Anywhere\My Tasks\G-RPA-Framework\Modules\Module2(ProcessStep2).atmx
(8/19/2019 3:16:48 PM) ,Processing...RowId/Transaction Id : 1904,703235375,
(8/19/2019 3:16:48 PM) ,Calling Module Wrapper.....,703235375,
(8/19/2019 3:16:48 PM) ,Running Module 1.....,703235375,D:\Users\703235375\Documents\Automation Anywhere Files\Automation Anywhere\My Tasks\G-RPA-Framework\Helpers\ModuleWrapper.atmx
(8/19/2019 3:16:48 PM) ,START : Module1(ProcessStep 1) processing.,703235375,D:\Users\703235375\Documents\Automation Anywhere Files\Automation Anywhere\My Tasks\G-RPA-Framework\Modules\Module1(ProcessStep1).atmx
(8/19/2019 3:16:49 PM) ,START : Application Login Manager....,703235375,D:\Users\703235375\Documents\Automation Anywhere Files\Automation Anywhere\My Tasks\G-RPA-Framework\Helpers\LoginManager.atmx
(8/19/2019 3:16:49 PM) ,Faild to launch application...Invalid Application URL(vAppURLTwo) in configuration file  - !!,703235375,D:\Users\703235375\Documents\Automation Anywhere Files\Automation Anywhere\My Tasks\G-RPA-Framework\Helpers\LoginManager.atmx
(8/19/2019 3:16:49 PM) ,END : Module1(ProcessStep 1) processing.,703235375,D:\Users\703235375\Documents\Automation Anywhere Files\Automation Anywhere\My Tasks\G-RPA-Framework\Modules\Module1(ProcessStep1).atmx
(8/19/2019 3:16:49 PM) ,Running Module 2.....,703235375,D:\Users\703235375\Documents\Automation Anywhere Files\Automation Anywhere\My Tasks\G-RPA-Framework\Helpers\ModuleWrapper.atmx
(8/19/2019 3:16:49 PM) ,START : Module2(ProcessStep 2) processing..,703235375,D:\Users\703235375\Documents\Automation Anywhere Files\Automation Anywhere\My Tasks\G-RPA-Framework\Modules\Module2(ProcessStep2).atmx
(8/19/2019 3:16:49 PM) ,END : Module2(ProcessStep 2) processing...,703235375,D:\Users\703235375\Documents\Automation Anywhere Files\Automation Anywhere\My Tasks\G-RPA-Framework\Modules\Module2(ProcessStep2).atmx
(8/19/2019 3:16:49 PM) ,Processing...RowId/Transaction Id : 1905,703235375,
(8/19/2019 3:16:49 PM) ,Calling Module Wrapper.....,703235375,
(8/19/2019 3:16:49 PM) ,Running Module 1.....,703235375,D:\Users\703235375\Documents\Automation Anywhere Files\Automation Anywhere\My Tasks\G-RPA-Framework\Helpers\ModuleWrapper.atmx
(8/19/2019 3:16:49 PM) ,START : Module1(ProcessStep 1) processing.,703235375,D:\Users\703235375\Documents\Automation Anywhere Files\Automation Anywhere\My Tasks\G-RPA-Framework\Modules\Module1(ProcessStep1).atmx
(8/19/2019 3:16:50 PM) ,START : Application Login Manager....,703235375,D:\Users\703235375\Documents\Automation Anywhere Files\Automation Anywhere\My Tasks\G-RPA-Framework\Helpers\LoginManager.atmx
(8/19/2019 3:16:50 PM) ,Faild to launch application...Invalid Application URL(vAppURLTwo) in configuration file  - !!,703235375,D:\Users\703235375\Documents\Automation Anywhere Files\Automation Anywhere\My Tasks\G-RPA-Framework\Helpers\LoginManager.atmx
(8/19/2019 3:16:50 PM) ,END : Module1(ProcessStep 1) processing.,703235375,D:\Users\703235375\Documents\Automation Anywhere Files\Automation Anywhere\My Tasks\G-RPA-Framework\Modules\Module1(ProcessStep1).atmx
(8/19/2019 3:16:50 PM) ,Running Module 2.....,703235375,D:\Users\703235375\Documents\Automation Anywhere Files\Automation Anywhere\My Tasks\G-RPA-Framework\Helpers\ModuleWrapper.atmx
(8/19/2019 3:16:50 PM) ,START : Module2(ProcessStep 2) processing..,703235375,D:\Users\703235375\Documents\Automation Anywhere Files\Automation Anywhere\My Tasks\G-RPA-Framework\Modules\Module2(ProcessStep2).atmx
(8/19/2019 3:16:50 PM) ,END : Module2(ProcessStep 2) processing...,703235375,D:\Users\703235375\Documents\Automation Anywhere Files\Automation Anywhere\My Tasks\G-RPA-Framework\Modules\Module2(ProcessStep2).atmx
(8/19/2019 3:16:50 PM) ,Processing...RowId/Transaction Id : 1906,703235375,
(8/19/2019 3:16:50 PM) ,Calling Module Wrapper.....,703235375,
(8/19/2019 3:16:50 PM) ,Running Module 1.....,703235375,D:\Users\703235375\Documents\Automation Anywhere Files\Automation Anywhere\My Tasks\G-RPA-Framework\Helpers\ModuleWrapper.atmx
(8/19/2019 3:16:50 PM) ,START : Module1(ProcessStep 1) processing.,703235375,D:\Users\703235375\Documents\Automation Anywhere Files\Automation Anywhere\My Tasks\G-RPA-Framework\Modules\Module1(ProcessStep1).atmx
(8/19/2019 3:16:50 PM) ,START : Application Login Manager....,703235375,D:\Users\703235375\Documents\Automation Anywhere Files\Automation Anywhere\My Tasks\G-RPA-Framework\Helpers\LoginManager.atmx
(8/19/2019 3:16:50 PM) ,Faild to launch application...Invalid Application URL(vAppURLTwo) in configuration file  - !!,703235375,D:\Users\703235375\Documents\Automation Anywhere Files\Automation Anywhere\My Tasks\G-RPA-Framework\Helpers\LoginManager.atmx
(8/19/2019 3:16:51 PM) ,END : Module1(ProcessStep 1) processing.,703235375,D:\Users\703235375\Documents\Automation Anywhere Files\Automation Anywhere\My Tasks\G-RPA-Framework\Modules\Module1(ProcessStep1).atmx
(8/19/2019 3:16:51 PM) ,Running Module 2.....,703235375,D:\Users\703235375\Documents\Automation Anywhere Files\Automation Anywhere\My Tasks\G-RPA-Framework\Helpers\ModuleWrapper.atmx
(8/19/2019 3:16:51 PM) ,START : Module2(ProcessStep 2) processing..,703235375,D:\Users\703235375\Documents\Automation Anywhere Files\Automation Anywhere\My Tasks\G-RPA-Framework\Modules\Module2(ProcessStep2).atmx
(8/19/2019 3:16:51 PM) ,END : Module2(ProcessStep 2) processing...,703235375,D:\Users\703235375\Documents\Automation Anywhere Files\Automation Anywhere\My Tasks\G-RPA-Framework\Modules\Module2(ProcessStep2).atmx
(8/19/2019 3:16:51 PM) ,Processing...RowId/Transaction Id : 1907,703235375,
(8/19/2019 3:16:51 PM) ,Calling Module Wrapper.....,703235375,
(8/19/2019 3:16:51 PM) ,Running Module 1.....,703235375,D:\Users\703235375\Documents\Automation Anywhere Files\Automation Anywhere\My Tasks\G-RPA-Framework\Helpers\ModuleWrapper.atmx
(8/19/2019 3:16:51 PM) ,START : Module1(ProcessStep 1) processing.,703235375,D:\Users\703235375\Documents\Automation Anywhere Files\Automation Anywhere\My Tasks\G-RPA-Framework\Modules\Module1(ProcessStep1).atmx
(8/19/2019 3:16:51 PM) ,START : Application Login Manager....,703235375,D:\Users\703235375\Documents\Automation Anywhere Files\Automation Anywhere\My Tasks\G-RPA-Framework\Helpers\LoginManager.atmx
(8/19/2019 3:16:51 PM) ,Faild to launch application...Invalid Application URL(vAppURLTwo) in configuration file  - !!,703235375,D:\Users\703235375\Documents\Automation Anywhere Files\Automation Anywhere\My Tasks\G-RPA-Framework\Helpers\LoginManager.atmx
(8/19/2019 3:16:51 PM) ,END : Module1(ProcessStep 1) processing.,703235375,D:\Users\703235375\Documents\Automation Anywhere Files\Automation Anywhere\My Tasks\G-RPA-Framework\Modules\Module1(ProcessStep1).atmx
(8/19/2019 3:16:51 PM) ,Running Module 2.....,703235375,D:\Users\703235375\Documents\Automation Anywhere Files\Automation Anywhere\My Tasks\G-RPA-Framework\Helpers\ModuleWrapper.atmx
(8/19/2019 3:16:51 PM) ,START : Module2(ProcessStep 2) processing..,703235375,D:\Users\703235375\Documents\Automation Anywhere Files\Automation Anywhere\My Tasks\G-RPA-Framework\Modules\Module2(ProcessStep2).atmx
(8/19/2019 3:16:51 PM) ,END : Module2(ProcessStep 2) processing...,703235375,D:\Users\703235375\Documents\Automation Anywhere Files\Automation Anywhere\My Tasks\G-RPA-Framework\Modules\Module2(ProcessStep2).atmx
(8/19/2019 3:16:52 PM) ,Processing...RowId/Transaction Id : 1908,703235375,
(8/19/2019 3:16:52 PM) ,Calling Module Wrapper.....,703235375,
(8/19/2019 3:16:52 PM) ,Running Module 1.....,703235375,D:\Users\703235375\Documents\Automation Anywhere Files\Automation Anywhere\My Tasks\G-RPA-Framework\Helpers\ModuleWrapper.atmx
(8/19/2019 3:16:52 PM) ,START : Module1(ProcessStep 1) processing.,703235375,D:\Users\703235375\Documents\Automation Anywhere Files\Automation Anywhere\My Tasks\G-RPA-Framework\Modules\Module1(ProcessStep1).atmx
(8/19/2019 3:16:52 PM) ,START : Application Login Manager....,703235375,D:\Users\703235375\Documents\Automation Anywhere Files\Automation Anywhere\My Tasks\G-RPA-Framework\Helpers\LoginManager.atmx
(8/19/2019 3:16:52 PM) ,Faild to launch application...Invalid Application URL(vAppURLTwo) in configuration file  - !!,703235375,D:\Users\703235375\Documents\Automation Anywhere Files\Automation Anywhere\My Tasks\G-RPA-Framework\Helpers\LoginManager.atmx
(8/19/2019 3:16:52 PM) ,END : Module1(ProcessStep 1) processing.,703235375,D:\Users\703235375\Documents\Automation Anywhere Files\Automation Anywhere\My Tasks\G-RPA-Framework\Modules\Module1(ProcessStep1).atmx
(8/19/2019 3:16:52 PM) ,Running Module 2.....,703235375,D:\Users\703235375\Documents\Automation Anywhere Files\Automation Anywhere\My Tasks\G-RPA-Framework\Helpers\ModuleWrapper.atmx
(8/19/2019 3:16:52 PM) ,START : Module2(ProcessStep 2) processing..,703235375,D:\Users\703235375\Documents\Automation Anywhere Files\Automation Anywhere\My Tasks\G-RPA-Framework\Modules\Module2(ProcessStep2).atmx
(8/19/2019 3:16:52 PM) ,END : Module2(ProcessStep 2) processing...,703235375,D:\Users\703235375\Documents\Automation Anywhere Files\Automation Anywhere\My Tasks\G-RPA-Framework\Modules\Module2(ProcessStep2).atmx
(8/19/2019 3:16:53 PM) ,Processing...RowId/Transaction Id : 1909,703235375,
(8/19/2019 3:16:53 PM) ,Calling Module Wrapper.....,703235375,
(8/19/2019 3:16:53 PM) ,Running Module 1.....,703235375,D:\Users\703235375\Documents\Automation Anywhere Files\Automation Anywhere\My Tasks\G-RPA-Framework\Helpers\ModuleWrapper.atmx
(8/19/2019 3:16:53 PM) ,START : Module1(ProcessStep 1) processing.,703235375,D:\Users\703235375\Documents\Automation Anywhere Files\Automation Anywhere\My Tasks\G-RPA-Framework\Modules\Module1(ProcessStep1).atmx
(8/19/2019 3:16:53 PM) ,START : Application Login Manager....,703235375,D:\Users\703235375\Documents\Automation Anywhere Files\Automation Anywhere\My Tasks\G-RPA-Framework\Helpers\LoginManager.atmx
(8/19/2019 3:16:53 PM) ,Faild to launch application...Invalid Application URL(vAppURLTwo) in configuration file  - !!,703235375,D:\Users\703235375\Documents\Automation Anywhere Files\Automation Anywhere\My Tasks\G-RPA-Framework\Helpers\LoginManager.atmx
(8/19/2019 3:16:53 PM) ,END : Module1(ProcessStep 1) processing.,703235375,D:\Users\703235375\Documents\Automation Anywhere Files\Automation Anywhere\My Tasks\G-RPA-Framework\Modules\Module1(ProcessStep1).atmx
(8/19/2019 3:16:53 PM) ,Running Module 2.....,703235375,D:\Users\703235375\Documents\Automation Anywhere Files\Automation Anywhere\My Tasks\G-RPA-Framework\Helpers\ModuleWrapper.atmx
(8/19/2019 3:16:53 PM) ,START : Module2(ProcessStep 2) processing..,703235375,D:\Users\703235375\Documents\Automation Anywhere Files\Automation Anywhere\My Tasks\G-RPA-Framework\Modules\Module2(ProcessStep2).atmx
(8/19/2019 3:16:53 PM) ,END : Module2(ProcessStep 2) processing...,703235375,D:\Users\703235375\Documents\Automation Anywhere Files\Automation Anywhere\My Tasks\G-RPA-Framework\Modules\Module2(ProcessStep2).atmx
(8/19/2019 3:16:53 PM) ,Processing...RowId/Transaction Id : 1910,703235375,
(8/19/2019 3:16:54 PM) ,Calling Module Wrapper.....,703235375,
(8/19/2019 3:16:54 PM) ,Running Module 1.....,703235375,D:\Users\703235375\Documents\Automation Anywhere Files\Automation Anywhere\My Tasks\G-RPA-Framework\Helpers\ModuleWrapper.atmx
(8/19/2019 3:16:54 PM) ,START : Module1(ProcessStep 1) processing.,703235375,D:\Users\703235375\Documents\Automation Anywhere Files\Automation Anywhere\My Tasks\G-RPA-Framework\Modules\Module1(ProcessStep1).atmx
(8/19/2019 3:16:54 PM) ,START : Application Login Manager....,703235375,D:\Users\703235375\Documents\Automation Anywhere Files\Automation Anywhere\My Tasks\G-RPA-Framework\Helpers\LoginManager.atmx
(8/19/2019 3:16:54 PM) ,Faild to launch application...Invalid Application URL(vAppURLTwo) in configuration file  - !!,703235375,D:\Users\703235375\Documents\Automation Anywhere Files\Automation Anywhere\My Tasks\G-RPA-Framework\Helpers\LoginManager.atmx
(8/19/2019 3:16:54 PM) ,END : Module1(ProcessStep 1) processing.,703235375,D:\Users\703235375\Documents\Automation Anywhere Files\Automation Anywhere\My Tasks\G-RPA-Framework\Modules\Module1(ProcessStep1).atmx
(8/19/2019 3:16:54 PM) ,Running Module 2.....,703235375,D:\Users\703235375\Documents\Automation Anywhere Files\Automation Anywhere\My Tasks\G-RPA-Framework\Helpers\ModuleWrapper.atmx
(8/19/2019 3:16:54 PM) ,START : Module2(ProcessStep 2) processing..,703235375,D:\Users\703235375\Documents\Automation Anywhere Files\Automation Anywhere\My Tasks\G-RPA-Framework\Modules\Module2(ProcessStep2).atmx
(8/19/2019 3:16:54 PM) ,END : Module2(ProcessStep 2) processing...,703235375,D:\Users\703235375\Documents\Automation Anywhere Files\Automation Anywhere\My Tasks\G-RPA-Framework\Modules\Module2(ProcessStep2).atmx
(8/19/2019 3:16:55 PM) ,END : ********************************** Transaction Processing*****************************,703235375,
(8/19/2019 3:16:55 PM) ,START : Intializing Notification variables.,703235375,D:\Users\703235375\Documents\Automation Anywhere Files\Automation Anywhere\My Tasks\G-RPA-Framework\Helpers\NotificationManager.atmx
(8/19/2019 3:16:55 PM) ,END : Intializing Notification variables.,703235375,D:\Users\703235375\Documents\Automation Anywhere Files\Automation Anywhere\My Tasks\G-RPA-Framework\Helpers\NotificationManager.atmx
(8/19/2019 3:16:55 PM) ,START : Sending day end process summary.,703235375,D:\Users\703235375\Documents\Automation Anywhere Files\Automation Anywhere\My Tasks\G-RPA-Framework\Helpers\NotificationManager.atmx
(8/19/2019 3:16:58 PM) *****************************************************BOT STOPED : 08/19/2019 15:16:58*************************************************************,,,
