<?xml version="1.0" encoding="UTF-8"?>
<configuration>
	<ProcessInfo>
		<ProcessName>CustomerSegmentation</ProcessName>
		<BOTId>rbt001</BOTId>
		<AllowSnapShot>Y</AllowSnapShot>
		<OutputArchivalPeriodDays>2</OutputArchivalPeriodDays>
		<MaxRetryCount>3</MaxRetryCount>
</ProcessInfo>
<ProcessOutputColumn>
		<ColBOTId>BOTId</ColBOTId>
		<ColStartDT>StartDateTime</ColStartDT>
		<ColEndDT>EndDateTime</ColEndDT>
		<ColBOTTranStatus>BOTTransactionStatus</ColBOTTranStatus>
		<ColBOTRemarks>BOTRemarks</ColBOTRemarks>
	</ProcessOutputColumn>
	<TransactionBOTStatus>
		<StatusCompleted>Completed</StatusCompleted>
		<StatusPartialCompleted>Partially Completed</StatusPartialCompleted>
		<StatusFail>Fail</StatusFail>
		<StatusPend>Pend</StatusPend>
		<StatusInProgress>InProgress</StatusInProgress>
		<StatusSkip>Skip</StatusSkip>
	</TransactionBOTStatus>
	<ApplicationURLs>
		<AppURLOne>http://www.gmail.com/</AppURLOne>
		<AppURLTwo>https://www.automationanywhere.com/in/partners</AppURLTwo>
		<AppURLThree></AppURLThree>
		<AppURLFour></AppURLFour>
		<AppURLFive></AppURLFive>
	</ApplicationURLs>
<FeedSharedPath>\\xxxxxxxx\Users\xxxxx\Desktop\InputFile</FeedSharedPath>
<Notification>
	<DayEndSummary>
		<MailFrom>bt001@genpact.com</MailFrom>
		<MailTo>xxxxx@genpact.com;xxxxxx@genpact.com</MailTo>
		<MailCC>xxxxx@genpact.com;</MailCC>
		<MailSubject>DayEnd BOT Processing Summary</MailSubject>
		<MailBody>Hi, PFA DayEnd BOT Processing Summary. Regards bt001 </MailBody>
	</DayEndSummary>
	<TransactionFailure>
		<MailFrom>bt001@genpact.com</MailFrom>
		<MailTo>xxxx@genpact.com;xxx@genpact.com</MailTo>
		<MailCC>xx@genpact.com</MailCC>
		<MailSubject>Transaction Failure Alert</MailSubject>
		<MailBody>Hi, There is error found in processing this transaction,Below are the details. Regards bt001 </MailBody>
	</TransactionFailure>
	<Common>
		<MailFrom>bt001@genpact.com</MailFrom>
		<MailTo>xxxx@genpact.com;xxx@genpact.com</MailTo>
		<MailCC>xx@genpact.com</MailCC>
		<MailSubject>BOT Processing Alert</MailSubject>
		<MailBody></MailBody>
	</Common>
</Notification>

	<InputFields>
	<FieldName>AccountNo</FieldName>
	<FieldName>Field2</FieldName>
	<FieldName>Field3</FieldName>
	<FieldName>Field4</FieldName>
	<FieldName>Field5</FieldName>
	<FieldName>Field6</FieldName>
	<FieldName>Field7</FieldName>
	<FieldName>Field8</FieldName>
	<FieldName>Field9</FieldName>
	<FieldName>Field10</FieldName>
	<FieldName>Field11</FieldName>
	<FieldName>Field12</FieldName>
	<FieldName>Field13</FieldName>
	<FieldName>Field14</FieldName>
	<FieldName>Field15</FieldName>
	</InputFields>
	<UniqueRowIdField>AccountNo</UniqueRowIdField>
	<InputFileName>CustomerSegmentation 08-19-2019</InputFileName>
</configuration>
